repo,tag,has_detector,routed,n_detectors_for_tag,n_functions
1150ac69e096,Access Control,True,True,7,208
1150ac69e096,DoS,True,True,5,208
1150ac69e096,Governance,False,False,0,208
19000d572f72,Accounting Error,False,False,0,239
19000d572f72,Cross-Chain,False,False,0,239
19000d572f72,DoS,True,True,5,239
19000d572f72,ERC20,True,True,4,239
19000d572f72,Reentrancy,True,True,1,239
19000d572f72,call / delegatecall,True,True,4,239
1aee004bafff,Access Control,True,True,7,464
1aee004bafff,Arithmetic,True,True,4,464
1aee004bafff,DAO,False,False,0,464
1aee004bafff,EIP712,False,False,0,464
1aee004bafff,Governance,False,False,0,464
1aee004bafff,Input Validation,True,True,1,464
1aee004bafff,Replay Attack,False,False,0,464
1aee004bafff,Upgradeable,False,False,0,464
22ad8fd6e044,Access Control,True,True,7,630
22ad8fd6e044,DoS,True,True,5,630
22ad8fd6e044,EIP712,False,False,0,630
22ad8fd6e044,Input Validation,True,True,1,630
22ad8fd6e044,Pause,False,False,0,630
22ad8fd6e044,Re-org Attack,False,False,0,630
289d8258d7b3,Access Control,True,True,7,145
289d8258d7b3,Accounting Error,False,False,0,145
289d8258d7b3,Arithmetic,True,True,4,145
289d8258d7b3,Chainlink,True,True,12,145
289d8258d7b3,DoS,True,True,5,145
289d8258d7b3,ERC4626,True,True,3,145
289d8258d7b3,ERC721,True,True,4,145
289d8258d7b3,Input Validation,True,True,1,145
289d8258d7b3,Liquidation,False,False,0,145
289d8258d7b3,Logic Error,True,True,5,145
289d8258d7b3,MEV,False,False,0,145
289d8258d7b3,Oracle,True,True,16,145
289d8258d7b3,Pause,False,False,0,145
289d8258d7b3,Reentrancy,True,True,1,145
289d8258d7b3,Slippage,True,True,10,145
289d8258d7b3,Uniswap,False,False,0,145
29aba850d512,Accounting Error,False,False,0,667
29aba850d512,Arithmetic,True,True,4,667
29aba850d512,DoS,True,True,5,667
29aba850d512,ERC20,True,True,4,667
29aba850d512,Input Validation,True,True,1,667
29aba850d512,Logic Error,True,True,5,667
2c2d03025183,Access Control,True,True,7,677
2c2d03025183,Accounting Error,False,False,0,677
2c2d03025183,Cross-Chain,False,False,0,677
2c2d03025183,DoS,True,True,5,677
2c2d03025183,ERC20,True,True,4,677
2c2d03025183,ERC777,False,False,0,677
2c2d03025183,Governance,False,False,0,677
2c2d03025183,Multisig,False,False,0,677
2c2d03025183,Opensea,False,False,0,677
2c2d03025183,Reentrancy,True,True,1,677
37dd0c2e7de6,Accounting Error,False,False,0,425
37dd0c2e7de6,Arithmetic,True,True,4,425
37dd0c2e7de6,DoS,True,True,5,425
37dd0c2e7de6,ERC20,True,True,4,425
37dd0c2e7de6,Logic Error,True,True,5,425
37dd0c2e7de6,Oracle,True,True,16,425
3a8408b6f3d4,Access Control,True,True,7,20
3a8408b6f3d4,Accounting Error,False,False,0,20
3a8408b6f3d4,DoS,True,True,5,20
3a8408b6f3d4,ERC20,True,True,4,20
3a8408b6f3d4,Input Validation,True,True,1,20
4561d049a9da,Arithmetic,True,True,4,434
4561d049a9da,DoS,True,True,5,434
4561d049a9da,Input Validation,True,True,1,434
4561d049a9da,RCE,False,False,0,434
4dd1b2af57b2,Arithmetic,True,True,4,407
4dd1b2af57b2,DoS,True,True,5,407
4dd1b2af57b2,ERC20,True,True,4,407
4dd1b2af57b2,ERC721,True,True,4,407
4dd1b2af57b2,Input Validation,True,True,1,407
4dd1b2af57b2,Logic Error,True,True,5,407
4dd1b2af57b2,Reentrancy,True,True,1,407
4dd1b2af57b2,XSS Attack,False,False,0,407
50015cf871a0,Accounting Error,False,False,0,442
50015cf871a0,Arithmetic,True,True,4,442
50015cf871a0,DoS,True,True,5,442
50015cf871a0,Input Validation,True,True,1,442
50015cf871a0,Logic Error,True,True,5,442
50015cf871a0,MEV,False,False,0,442
50015cf871a0,Slippage,True,True,10,442
50015cf871a0,Uniswap,False,False,0,442
529b81f6eb01,Oracle,True,True,16,345
57feee7d5701,Access Control,True,True,7,42
57feee7d5701,DoS,True,True,5,42
57feee7d5701,Flashloan,True,True,5,42
57feee7d5701,Input Validation,True,True,1,42
57feee7d5701,Liquidation,False,False,0,42
57feee7d5701,Logic Error,True,True,5,42
668a8ea1ed7c,Access Control,True,True,7,53
668a8ea1ed7c,Bridge,False,False,0,53
6a503b3dea2b,DoS,True,True,5,4
70080e8fc005,Access Control,True,True,7,223
70080e8fc005,Accounting Error,False,False,0,223
70080e8fc005,Arithmetic,True,True,4,223
70080e8fc005,DAO,False,False,0,223
70080e8fc005,DoS,True,True,5,223
70080e8fc005,ERC721,True,True,4,223
70080e8fc005,Governance,False,False,0,223
70080e8fc005,Input Validation,True,True,1,223
70080e8fc005,Logic Error,True,True,5,223
70080e8fc005,Pause,False,False,0,223
82a1b82850c4,Access Control,True,True,7,316
82a1b82850c4,Accounting Error,False,False,0,316
82a1b82850c4,Arithmetic,True,True,4,316
82a1b82850c4,Chainlink,True,True,12,316
82a1b82850c4,DoS,True,True,5,316
82a1b82850c4,ERC777,False,False,0,316
82a1b82850c4,Governance,False,False,0,316
82a1b82850c4,Input Validation,True,True,1,316
82a1b82850c4,Logic Error,True,True,5,316
82a1b82850c4,MEV,False,False,0,316
82a1b82850c4,Oracle,True,True,16,316
82a1b82850c4,Reentrancy,True,True,1,316
82a1b82850c4,Solmate,False,False,0,316
82a1b82850c4,TWAP,False,False,0,316
8ce9aae8427c,Arithmetic,True,True,4,221
9007dfde367e,Slippage,True,True,10,1352
966f040d9bc8,Access Control,True,True,7,27
966f040d9bc8,Accounting Error,False,False,0,27
966f040d9bc8,Arithmetic,True,True,4,27
966f040d9bc8,Upgradeable,False,False,0,27
a8a9998bfe4a,Access Control,True,True,7,1776
a8a9998bfe4a,Accounting Error,False,False,0,1776
a8a9998bfe4a,Arithmetic,True,True,4,1776
a8a9998bfe4a,DoS,True,True,5,1776
a8a9998bfe4a,ERC20,True,True,4,1776
a8a9998bfe4a,Flashloan,True,True,5,1776
a8a9998bfe4a,Input Validation,True,True,1,1776
a8a9998bfe4a,Slippage,True,True,10,1776
a8a9998bfe4a,Upgradeable,False,False,0,1776
ac5c6d4a2ace,Flashloan,True,True,5,425
ac5c6d4a2ace,Logic Error,True,True,5,425
b0b4fa38c58e,Access Control,True,True,7,22
b0b4fa38c58e,Arithmetic,True,True,4,22
b0b4fa38c58e,ERC20,True,True,4,22
b0b4fa38c58e,ERC721,True,True,4,22
b0b4fa38c58e,Input Validation,True,True,1,22
b0b4fa38c58e,Logic Error,True,True,5,22
b0b4fa38c58e,Solmate,False,False,0,22
b78ed0629056,Access Control,True,True,7,664
b78ed0629056,Accounting Error,False,False,0,664
b78ed0629056,Cross-Chain,False,False,0,664
b78ed0629056,DoS,True,True,5,664
bb9c2df58c59,Upgradeable,False,False,0,301
bb9c2df58c59,Zksync,False,False,0,301
bc50c508bb4d,Access Control,True,True,7,335
bc50c508bb4d,Accounting Error,False,False,0,335
bc50c508bb4d,DoS,True,True,5,335
bc50c508bb4d,ERC20,True,True,4,335
bc50c508bb4d,ERC4626,True,True,3,335
bc50c508bb4d,Logic Error,True,True,5,335
d5aa11e316e7,Access Control,True,True,7,540
d5aa11e316e7,Accounting Error,False,False,0,540
d5aa11e316e7,ERC20,True,True,4,540
d5aa11e316e7,Flashloan,True,True,5,540
d5aa11e316e7,Input Validation,True,True,1,540
d5aa11e316e7,Logic Error,True,True,5,540
d5aa11e316e7,MEV,False,False,0,540
d5aa11e316e7,Slippage,True,True,10,540
e269b2c934ee,Accounting Error,False,False,0,356
e269b2c934ee,Arithmetic,True,True,4,356
e269b2c934ee,DoS,True,True,5,356
e269b2c934ee,ERC1155,False,False,0,356
e269b2c934ee,ERC20,True,True,4,356
e269b2c934ee,Input Validation,True,True,1,356
e269b2c934ee,Logic Error,True,True,5,356
e269b2c934ee,Rebalance,False,False,0,356
e269b2c934ee,Reentrancy,True,True,1,356
e68d196f2fbd,Arithmetic,True,True,4,195
e68d196f2fbd,DoS,True,True,5,195
e68d196f2fbd,ERC20,True,True,4,195
e68d196f2fbd,Logic Error,True,True,5,195
e68d196f2fbd,MEV,False,False,0,195
e68d196f2fbd,Uniswap,False,False,0,195
f4d8a18e633f,ERC4626,True,True,3,354
fccd852beaa3,Access Control,True,True,7,145
fccd852beaa3,Accounting Error,False,False,0,145
fccd852beaa3,DoS,True,True,5,145
fccd852beaa3,EIP712,False,False,0,145
fccd852beaa3,ERC1155,False,False,0,145
fccd852beaa3,ERC20,True,True,4,145
fccd852beaa3,ERC721,True,True,4,145
fccd852beaa3,ERC777,False,False,0,145
fccd852beaa3,Gnosis safe,False,False,0,145
fccd852beaa3,Input Validation,True,True,1,145
fccd852beaa3,Logic Error,True,True,5,145
fccd852beaa3,Opensea,False,False,0,145
fccd852beaa3,Reentrancy,True,True,1,145
fccd852beaa3,Replay Attack,False,False,0,145
fccd852beaa3,Upgradeable,False,False,0,145
